symbol,date,open,high,low,close,volume,rsi,atr,ema50,trend,rvol,macd_hist,stoch_k,roc,source_timestamp,hl_range,atr_baseline,past_5d_min,sma20,std20,bb_lower,bb_upper,vol_sma_20,dist_ema50,atr_pct,roc_10,price_change_pct,run_up_from_bottom,vol_surge_int,vol_ratio,bb_width,roc_3,accel_momentum,prev_close,gap_pct,close_to_bb_lower_pct,liquidity_score,momentum_score,trend_score,bounce_zone_score,risk_control_score,bounce_score_raw,bounce_score,passes_base_filter,highlight_reason,highlight_rank,Security Name,Listing Exchange,Market Category,ETF,Round Lot Size
CKX,2026-05-12,11.05,11.25,10.55,10.79,65054.0,55.682587,0.46423066,10.696229,1.0,12.443317,0.02586279,44.734848,8.631342,2026-05-12 13:30:00,1.5999994,0.42442062,10.7201,10.758375,0.3859044,9.986567,11.530184,13156.7,0.047097985,4.1449165,10.89108,1.8181801,1.1307166,1.0,12.443317,0.14348052,4.38025,1.1096554,11.2,-1.3392824,0.5204875,2,3,2,3,2,12,100.0,True,volume>20d_avg|rvol>=1|positive_roc|macd_positive|above_ema50,1,"CKX Lands, Inc. Common Stock",A, ,N,100.0
IBIK,2026-05-12,26.08,26.08,26.01,26.01,2723.0,58.481346,0.073382996,25.930187,1.0,2.7320185,0.0060126595,79.02906,0.38491148,2026-05-12 13:30:00,0.029899599,0.086988576,25.99,25.99328,0.05701959,25.879242,26.107319,9405.5,0.00577754,0.2813765,0.17284155,0.0,1.0346204,1.0,2.7320185,0.0087744575,0.19208193,0.14017756,26.08,0.0,0.5733078,2,3,2,3,2,12,100.0,True,volume>20d_avg|rvol>=1|positive_roc|macd_positive|above_ema50,2,iShares iBonds Oct 2034 Term TIPS ETF,P, ,Y,100.0
LDP,2026-05-12,21.0,21.03,20.851,20.94,37175.0,62.26019,0.22748823,20.81222,1.0,2.1179278,0.017526787,84.55254,1.5369837,2026-05-12 13:30:00,0.22439957,0.24058273,20.91,20.8895,0.10580377,20.677893,21.101107,47945.45,0.015749391,1.0761033,1.1483192,0.28462744,0.95601016,1.0,2.1179278,0.02025965,1.0516167,0.706776,21.14,-0.6622488,0.61932707,2,3,2,3,2,12,100.0,True,volume>20d_avg|rvol>=1|positive_roc|macd_positive|above_ema50,3,"Cohen & Steers Limited Duration Preferred and Income Fund, Inc.",N, ,N,100.0
PRKS,2026-05-12,35.88,36.4,34.325,35.15,2010986.0,54.416977,2.0074522,35.002235,1.0,2.0628269,0.25589234,75.75733,4.4012575,2026-05-12 13:30:00,5.619999,1.6783068,34.23,35.5195,1.5071218,32.505257,38.533745,1069728.6,0.043647595,5.4953527,6.6258073,-8.239141,1.3704283,1.0,2.0628269,0.16972333,2.1532416,0.16350973,36.53,-1.7793533,0.43870783,2,3,2,3,2,12,100.0,True,volume>20d_avg|rvol>=1|positive_roc|macd_positive|above_ema50,4,United Parks & Resorts Inc. Common Stock,N, ,N,100.0
SBI,2026-05-12,7.76,7.84,7.76,7.8,74259.0,55.824238,0.07924174,7.762076,1.0,1.9247664,0.012065193,68.59606,0.90556276,2026-05-12 13:30:00,0.13000011,0.07093746,7.68,7.7485,0.07915844,7.590183,7.906817,48455.75,0.0048858435,1.0159197,1.1673212,0.6451638,1.691636,1.0,1.9247664,0.04086393,0.6451607,0.29461375,7.8,-0.51282,0.6626493,2,3,2,3,2,12,100.0,True,volume>20d_avg|rvol>=1|positive_roc|macd_positive|above_ema50,5,Western Asset Intermediate Muni Fund Inc Common Stock,N, ,N,100.0
GDMA,2026-05-12,42.43,42.43,40.95,41.75,29000.0,63.766647,0.35611105,41.493473,1.0,1.9103733,0.040784743,75.435036,2.5980275,2026-05-12 13:30:00,0.64500046,0.37943888,41.4999,41.844616,0.3468978,41.15082,42.53841,17133.3,0.02787254,0.8349614,1.5976906,1.4510005,3.0310566,1.0,1.9103733,0.033160504,1.1164308,0.63664377,42.65,-0.5158293,0.43181267,2,3,2,3,2,12,100.0,True,volume>20d_avg|rvol>=1|positive_roc|macd_positive|above_ema50,6,Gadsden Dynamic Multi-Asset ETF,Z, ,Y,100.0
FINS,2026-05-12,12.88,12.96,12.66,12.86,64945.0,53.55634,0.15992868,12.85705,1.0,1.8810855,0.009225803,46.75926,0.9784736,2026-05-12 13:30:00,0.22900009,0.1368396,12.86,12.8543,0.064271666,12.725757,12.982842,29897.1,0.0033405544,1.2397573,0.4672885,-0.38610187,0.29231277,1.0,1.8810855,0.019999985,0.1552701,0.014943227,12.9,-0.15503491,0.52217203,2,3,2,3,2,12,100.0,True,volume>20d_avg|rvol>=1|positive_roc|macd_positive|above_ema50,7,Angel Oak Financial Strategies Income Term Trust Common Shares of Beneficial Interest,N, ,N,100.0
GREE,2026-05-12,1.28,1.285,1.215,1.25,202845.0,55.982723,0.095683545,1.2361321,1.0,1.8679965,0.009038647,63.107758,6.6666665,2026-05-12 13:30:00,0.13,0.123708144,1.17,1.215,0.056893274,1.1012135,1.3287866,138314.5,0.035487976,7.475277,8.474577,4.918028,0.8891898,1.0,1.8679965,0.187303,3.2258034,0.6808853,1.28,0.0,0.65379655,2,3,2,3,2,12,100.0,True,volume>20d_avg|rvol>=1|positive_roc|macd_positive|above_ema50,8,Greenidge Generation Holdings Inc. - Class A Common Stock,Q,Q,N,100.0
QOWZ,2026-05-12,33.18,33.2678,33.18,33.2678,1015.0,53.863605,0.33964938,33.221188,1.0,1.6973822,0.0009098917,60.825977,0.91986096,2026-05-12 13:30:00,0.1617012,0.36748663,33.1417,33.428032,0.31526583,32.7975,34.058563,3290.95,0.005933353,1.0163574,-0.7292688,-0.4815402,0.7526801,1.0,1.6973822,0.037724704,0.5566716,0.77567124,33.4183,-0.71308327,0.37293848,2,3,2,3,2,12,100.0,True,volume>20d_avg|rvol>=1|positive_roc|macd_positive|above_ema50,9,Invesco Nasdaq Free Cash Flow Achievers ETF,Q,G,Y,100.0
CRBD,2026-05-12,23.98,24.04,23.75,23.75,78812.0,58.289646,0.3687137,23.618097,1.0,1.6539286,0.01644753,80.64158,1.5228426,2026-05-12 13:30:00,0.289999,0.4015574,23.88,23.751495,0.22445315,23.30259,24.200401,37257.35,0.016169919,1.5363071,0.33445358,-0.16639315,0.2988386,1.0,1.6539286,0.037800226,0.4184127,0.31797618,24.0,-0.083335236,0.49833444,2,3,2,3,2,12,100.0,True,volume>20d_avg|rvol>=1|positive_roc|macd_positive|above_ema50,10,Corebridge Financial Inc. 6.375% Junior Subordinated Notes due 2064,N, ,N,100.0
SOJC,2026-05-12,21.81,21.85,21.7217,21.77,28508.0,59.447487,0.14744379,21.7053,1.0,1.6509928,0.015330928,77.73643,0.36730945,2026-05-12 13:30:00,0.08200073,0.17707126,21.69,21.7245,0.08210882,21.560284,21.888718,15769.3,0.0071273483,0.6744912,0.18332005,0.22925788,0.9600659,1.0,1.6509928,0.015118138,0.41341782,0.35836676,21.86,-0.2287335,0.6385356,2,3,2,3,2,12,100.0,True,volume>20d_avg|rvol>=1|positive_roc|macd_positive|above_ema50,11,"Southern Company (The) Series 2017B 5.25% Junior Subordinated Notes due December 1, 2077",N, ,N,100.0
LSAK,2026-05-12,5.0,5.0,4.82,4.85,89112.0,55.49095,0.12940013,4.847787,1.0,1.6380366,0.011144912,72.72727,2.8865979,2026-05-12 13:30:00,0.13999987,0.178886,4.86,4.8825,0.06632254,4.749855,5.0151453,92315.4,0.029335627,2.593189,3.3126235,1.8367281,0.72671777,1.0,1.6380366,0.05433492,1.836729,0.8419472,4.99,0.20040539,0.37749168,2,3,2,3,2,12,100.0,True,volume>20d_avg|rvol>=1|positive_roc|macd_positive|above_ema50,12,"Lesaka Technologies, Inc. - Common Stock",Q,Q,N,100.0
TILE,2026-05-12,28.75,28.92,27.63,28.13,567037.0,56.71341,1.0224712,27.846178,1.0,1.5325954,0.13088019,61.07207,2.7201145,2026-05-12 13:30:00,1.1499996,0.98917776,27.3,27.8675,0.65946454,26.54857,29.18643,561309.9,0.030662116,3.5626173,2.7201176,-2.3477328,1.4153185,1.0,1.5325955,0.09465719,3.0520678,2.2352157,28.7,0.17421336,0.5995121,2,3,2,3,2,12,100.0,True,volume>20d_avg|rvol>=1|positive_roc|macd_positive|above_ema50,13,"Interface, Inc. - Common Stock",Q,Q,N,100.0
OXLCI,2026-05-12,25.64,25.64,25.64,25.64,347.0,59.19123,0.12608631,25.570627,1.0,1.510801,0.00382938,53.41958,0.7039499,2026-05-12 13:30:00,0.27999878,0.115652926,25.5901,25.617489,0.1197187,25.378052,25.856926,3395.55,0.007014798,0.48965555,0.17505884,-0.463861,1.3825908,1.0,1.5108008,0.018693253,0.15558004,0.10300982,25.75,-0.42718682,0.5470072,2,3,2,3,2,12,100.0,True,volume>20d_avg|rvol>=1|positive_roc|macd_positive|above_ema50,14,Oxford Lane Capital Corp. - 8.75% Notes due 2030,Q,Q,N,100.0
SPT,2026-05-12,6.65,6.67,6.345,6.55,1404161.0,54.412834,0.4614634,6.4122972,1.0,1.4600066,0.114677355,79.24719,17.142857,2026-05-12 13:30:00,1.1624999,0.42519435,6.37,6.13,0.53323245,5.063535,7.196465,1467237.2,0.023034288,7.034503,9.151411,-12.79495,0.44685462,1.0,1.4600066,0.3479494,2.9827356,0.23456407,6.56,1.3719535,0.6969123,2,3,2,3,2,12,100.0,True,volume>20d_avg|rvol>=1|positive_roc|macd_positive|above_ema50,15,"Sprout Social, Inc - Class A Common Stock",Q,S,N,100.0
MSBIP,2026-05-12,25.45,25.45,25.28,25.28,1951.0,58.582832,0.18875019,25.153666,1.0,1.4409666,0.013776966,77.85586,0.99206346,2026-05-12 13:30:00,0.27000046,0.23039764,25.121,25.225595,0.14900957,24.927576,25.523615,1555.9,0.011780996,0.74165106,0.6326556,1.0722814,1.427968,1.0,1.4409666,0.023628335,1.0321617,0.842175,25.45,0.0,0.59127796,2,3,2,3,2,12,100.0,True,volume>20d_avg|rvol>=1|positive_roc|macd_positive|above_ema50,16,"Midland States Bancorp, Inc. - Depositary Shares Each Representing a 1/40th Interest in a Share of 7.750% Fixed-Rate Reset Non-Cumulative Perpetual Preferred Stock, Series A",Q,Q,N,100.0
FDUS,2026-05-12,18.85,19.065,18.67,18.87,264225.0,51.159054,0.562129,18.509787,1.0,1.427882,0.010503569,54.85705,2.0174482,2026-05-12 13:30:00,1.0299988,0.45030266,18.45,18.7605,0.36338308,18.033733,19.487267,271529.44,0.010816574,3.004431,1.7400742,-5.1697946,0.5773857,0.0,1.427882,0.07747838,0.6996751,0.17713028,18.71,0.7482699,0.5753343,2,3,2,3,2,12,100.0,True,volume>20d_avg|rvol>=1|positive_roc|macd_positive|above_ema50,17,Fidus Investment Corporation - Closed End Fund,Q,Q,N,100.0
STBF,2026-05-12,25.45,25.45,25.4,25.4342,63806.0,61.298378,0.04196448,25.402176,1.0,1.4042944,0.006877369,73.9899,0.35454008,2026-05-12 13:30:00,0.030000689,0.040896226,25.41,25.41175,0.031509478,25.348732,25.47477,28651.4,0.0028668598,0.16472808,0.098228455,-0.058844212,1.5894018,1.0,1.4042944,0.0049598156,0.098228455,0.06873042,25.475,-0.09813392,0.67811745,2,3,2,3,2,12,100.0,True,volume>20d_avg|rvol>=1|positive_roc|macd_positive|above_ema50,18,Performance Trust Short Term Bond ETF,Z, ,Y,100.0
GRVY,2026-05-12,64.0,64.0,61.87,62.71,25881.0,54.504208,2.3689184,62.521244,1.0,1.3740152,0.21396647,47.761906,2.945437,2026-05-12 13:30:00,3.2400017,2.3140185,60.61,62.551,1.7459056,59.05919,66.04281,36904.25,0.023012258,3.70375,4.852462,-2.4256353,1.4476974,1.0,1.3740152,0.111646816,3.1612873,1.7040915,63.96,0.062540516,0.5227676,2,3,2,3,2,12,100.0,True,volume>20d_avg|rvol>=1|positive_roc|macd_positive|above_ema50,19,"GRAVITY Co., Ltd. - American depositary shares, each representing one common share.",Q,G,N,100.0
PRDO,2026-05-12,35.88,36.2,34.94,35.12,717963.0,54.588055,1.1464056,34.634727,1.0,1.3700627,0.17083248,72.82119,6.2947493,2026-05-12 13:30:00,1.2099991,1.1031055,34.11,34.6695,1.1719508,32.325596,37.0134,557359.1,0.02873629,3.2175288,8.429707,-1.1376244,1.3779284,1.0,1.3700628,0.1352141,4.4561744,1.924731,35.63,0.70165586,0.5961005,2,3,2,3,2,12,100.0,True,volume>20d_avg|rvol>=1|positive_roc|macd_positive|above_ema50,20,Perdoceo Education Corporation - Common Stock,Q,Q,N,100.0
AUMI,2026-05-12,98.05,101.47,97.29,101.2212,11566.0,55.382,3.241931,98.816124,1.0,1.3697722,0.51960284,67.09523,2.881994,2026-05-12 13:30:00,3.3899994,4.263552,90.6194,98.30578,5.406014,87.49375,109.117805,3618.85,0.021170354,3.212756,3.798902,1.8039684,2.4131746,0.0,1.3697721,0.21996728,4.115808,2.9749966,100.9081,-2.8323727,0.634823,2,3,2,3,2,12,100.0,True,volume>20d_avg|rvol>=1|positive_roc|macd_positive|above_ema50,21,Themes Gold Miners ETF,Q,G,Y,100.0
DFIP,2026-05-12,42.19,42.21,42.135,42.165,90269.0,58.312202,0.12163596,42.044247,1.0,1.3493595,0.0030243476,71.93903,0.28479886,2026-05-12 13:30:00,0.0399971,0.13139929,42.125,42.15325,0.07421986,42.00481,42.301693,74091.45,0.005012681,0.28786168,0.10660887,0.011836847,0.989359,0.0,1.3493594,0.0070429356,0.27290583,0.24089116,42.255,-0.15383372,0.53957546,2,3,2,3,2,12,100.0,True,volume>20d_avg|rvol>=1|positive_roc|macd_positive|above_ema50,22,Dimensional Inflation-Protected Securities ETF,P, ,Y,100.0
IBIJ,2026-05-12,26.33,26.33,26.27,26.285,1884.0,60.504986,0.06886567,26.175104,1.0,1.333722,0.0056121657,82.502884,0.4637964,2026-05-12 13:30:00,0.02000046,0.078007124,26.25,26.243765,0.063043945,26.117678,26.369852,7032.95,0.006299727,0.261449,0.1901865,0.018990196,1.1537427,1.0,1.333722,0.009608925,0.2286911,0.17157803,26.34,-0.037965942,0.66351765,2,3,2,3,2,12,100.0,True,volume>20d_avg|rvol>=1|positive_roc|macd_positive|above_ema50,23,iShares iBonds Oct 2033 Term TIPS ETF,P, ,Y,100.0
XMPT,2026-05-12,21.8721,21.92,21.83,21.89,10839.0,56.1216,0.16044502,21.858263,1.0,1.3130221,0.024330338,80.03863,0.18185961,2026-05-12 13:30:00,0.030000689,0.15915647,21.77,21.860245,0.15264338,21.554958,22.165531,38474.6,0.005564822,0.72996247,0.73281527,-0.091362,1.3188273,1.0,1.313022,0.02793074,0.22754669,0.007482037,21.9799,-0.4904459,0.54873234,2,3,2,3,2,12,100.0,True,volume>20d_avg|rvol>=1|positive_roc|macd_positive|above_ema50,24,VanEck CEF Muni Income ETF,Z, ,Y,100.0
ECCU,2026-05-12,25.35,25.365,25.34,25.34,668.0,55.06013,0.25540844,25.18531,1.0,1.2917043,0.008148985,17.243414,0.35601267,2026-05-12 13:30:00,0.065000534,0.15455572,25.33,25.277245,0.1316869,25.01387,25.540619,4319.1,0.007333262,1.0067341,0.23707151,-0.07876546,0.25881225,0.0,1.2917043,0.020838847,0.15791655,0.086723894,25.37,-0.07883507,0.61913764,2,3,2,3,2,12,100.0,True,volume>20d_avg|rvol>=1|positive_roc|macd_positive|above_ema50,25,Eagle Point Credit Company Inc. 7.75% Notes due 2030,N, ,N,100.0
IBOC,2026-05-12,72.96,73.02,71.32,72.4,290208.0,60.24081,1.3513345,70.606445,1.0,1.2612008,0.050106835,76.46511,0.954753,2026-05-12 13:30:00,1.175003,1.7611597,71.76,71.897,0.76286834,70.37127,73.42274,262850.3,0.033333413,1.852158,1.7857075,-0.35509714,0.6813675,1.0,1.2612007,0.042442214,0.55127144,0.0150229335,72.96,0.0,0.66483814,2,3,2,3,2,12,100.0,True,volume>20d_avg|rvol>=1|positive_roc|macd_positive|above_ema50,26,International Bancshares Corporation - Common Stock,Q,Q,N,100.0
RDWR,2026-05-12,27.46,27.46,26.53,26.79,176261.0,55.255287,1.1228392,26.05535,1.0,1.2343215,0.11794608,62.14765,6.671869,2026-05-12 13:30:00,0.98000145,1.0448982,26.86,26.40475,1.0095876,24.385576,28.423925,210817.05,0.049304686,4.1069465,3.247738,-0.07310109,0.4593745,0.0,1.2343215,0.15294024,1.7870426,0.81174594,27.34,0.43891343,0.5953979,2,3,2,3,2,12,100.0,True,volume>20d_avg|rvol>=1|positive_roc|macd_positive|above_ema50,27,Radware Ltd. - Ordinary Shares,Q,Q,N,100.0
GDMN,2026-05-12,104.07,105.85,101.46,105.85,21116.0,55.348354,4.895173,104.35985,1.0,1.2296369,0.9256666,69.682434,5.0325637,2026-05-12 13:30:00,3.5,6.3682942,92.355,102.00674,6.620377,88.76598,115.24749,43396.55,0.019932516,4.5989976,5.063677,1.8564618,2.211738,1.0,1.2296369,0.25960547,5.386138,3.8655143,106.44,-2.226609,0.64513004,2,3,2,3,2,12,100.0,True,volume>20d_avg|rvol>=1|positive_roc|macd_positive|above_ema50,28,WisdomTree Efficient Gold Plus Gold Miners Strategy Fund,Z, ,Y,100.0
EVOX,2026-05-12,10.0,10.005,10.0,10.0,27518.0,53.57689,0.013547777,9.97847,1.0,1.2184275,0.00043356445,47.06349,0.1001001,2026-05-12 13:30:00,0.0050001154,0.01745362,9.99,9.989755,0.01720744,9.955339,10.02417,44760.15,0.0021576607,0.13547777,-0.001001358,0.0,0.5729601,1.0,1.2184275,0.0068901083,0.10010004,0.100400746,10.0,0.0,0.6488486,2,3,2,3,2,12,100.0,True,volume>20d_avg|rvol>=1|positive_roc|macd_positive|above_ema50,29,Evolution Global Acquisition Corp - Class A Ordinary Shares,Q,G,N,100.0
FMAO,2026-05-12,27.2,27.445,26.31,26.95,139112.0,53.242535,0.92886245,26.593449,1.0,1.1880686,0.014737396,80.8028,2.5641026,2026-05-12 13:30:00,1.1200008,1.0466267,27.17,27.054,0.4087774,26.236446,27.871555,85288.0,0.022808328,3.4149354,-0.98288655,-2.0172892,0.028664172,1.0,1.1880686,0.06043871,0.110423565,0.4055847,27.2,0.0,0.43639562,2,3,2,3,2,12,100.0,True,volume>20d_avg|rvol>=1|positive_roc|macd_positive|above_ema50,30,"Farmers & Merchants Bancorp, Inc. - Common Stock",Q,S,N,100.0
AII,2026-05-12,19.69,19.93,19.455,19.6,71172.0,55.853283,0.6451259,19.278067,1.0,1.1814547,0.042379882,64.32894,2.2739017,2026-05-12 13:30:00,0.65999985,0.6714047,19.31,19.3331,0.38401017,18.565079,20.10112,70507.15,0.02655527,3.2598581,1.3312817,0.3041124,0.7149212,1.0,1.1814547,0.079451375,2.485764,2.0859797,19.79,-0.5053076,0.67375904,2,3,2,3,2,12,100.0,True,volume>20d_avg|rvol>=1|positive_roc|macd_positive|above_ema50,31,"American Integrity Insurance Group, Inc. Common Stock",N, ,N,100.0
BFS,2026-05-12,34.68,35.06,34.06,34.43,66658.0,53.86785,0.7504716,33.811073,1.0,1.1649647,0.014244047,63.234848,0.4374453,2026-05-12 13:30:00,1.2449989,0.7702547,34.2,34.245,0.37875804,33.487484,35.002514,57300.45,0.018601164,2.1790698,-0.058037043,-2.1312873,0.31158248,1.0,1.1649647,0.04424091,0.67231655,0.68974507,34.44,0.696869,0.6221107,2,3,2,3,2,12,100.0,True,volume>20d_avg|rvol>=1|positive_roc|macd_positive|above_ema50,32,"Saul Centers, Inc. Common Stock",N, ,N,100.0
IBIL,2026-05-12,25.82,25.82,25.72,25.74,6527.0,58.29436,0.08500573,25.680187,1.0,1.1209186,0.0058827368,68.496376,0.40472922,2026-05-12 13:30:00,0.049900055,0.095604174,25.735,25.743864,0.052251995,25.63936,25.848368,9335.2,0.0056391153,0.32916063,0.21343231,-0.05804717,0.94138306,1.0,1.1209186,0.008118722,0.19398928,0.12989548,25.825,-0.01936522,0.48151124,2,3,2,3,2,12,100.0,True,volume>20d_avg|rvol>=1|positive_roc|macd_positive|above_ema50,33,iShares iBonds Oct 2035 Term TIPS ETF,P, ,Y,100.0
TXBC,2026-05-12,16.4099,16.4099,16.17,16.3267,1789.0,59.181213,0.3795606,16.192528,1.0,1.0927995,0.046963833,78.37618,3.4897556,2026-05-12 13:30:00,0.17889977,0.53337723,16.0832,16.16271,0.3303671,15.501976,16.823444,3394.95,0.031271983,2.2729676,5.2562237,0.9668098,1.154342,0.0,1.0927997,0.08176032,1.8250465,0.24660099,16.6989,-1.7306503,0.6240968,2,3,2,3,2,12,100.0,True,volume>20d_avg|rvol>=1|positive_roc|macd_positive|above_ema50,34,21Shares FTSE Crypto 10 ex-BTC Index ETF,P, ,Y,100.0
GOAU,2026-05-12,45.75,46.595,44.4101,46.4041,26099.0,56.287453,1.676183,45.266468,1.0,1.0447099,0.2689658,61.294014,3.507673,2026-05-12 13:30:00,1.612999,2.0754225,40.9986,44.64308,2.4709582,39.701164,49.585,25134.25,0.022169443,3.6226127,4.1045547,1.9387554,2.5399168,1.0,1.0447099,0.22139679,4.683256,3.4506571,46.27,-1.1238394,0.6781714,2,3,2,3,2,12,100.0,True,volume>20d_avg|rvol>=1|positive_roc|macd_positive|above_ema50,35,US Global GO Gold and Precious Metal Miners ETF,P, ,Y,100.0
MUC,2026-05-12,10.83,10.83,10.795,10.81,208280.0,58.082615,0.07982766,10.755167,1.0,1.0305333,0.0022775345,81.83006,0.09225092,2026-05-12 13:30:00,0.029999735,0.10290903,10.78,10.805,0.044069342,10.716862,10.893139,229175.5,0.008817471,0.73573875,0.2772689,-0.092074364,0.68021876,0.0,1.0305333,0.016314406,0.09225607,0.0089921355,10.85,-0.184336,0.5283651,2,3,2,3,2,12,100.0,True,volume>20d_avg|rvol>=1|positive_roc|macd_positive|above_ema50,36,"Blackrock MuniHoldings California Quality Fund, Inc.  Common Stock",N, ,N,100.0
NUGT,2026-05-12,197.7,206.47,186.78,204.73,616276.0,56.352222,15.108653,198.62076,1.0,1.0218432,2.7082198,63.840427,10.132394,2026-05-12 13:30:00,13.8471985,19.911572,160.94,190.612,20.76378,149.08444,232.13956,490998.06,0.03866285,7.323632,9.245932,4.276186,2.2780724,0.0,1.0218432,0.43572867,11.224937,8.448381,206.3,-4.1686893,0.66998345,2,3,2,3,2,12,100.0,True,volume>20d_avg|rvol>=1|positive_roc|macd_positive|above_ema50,37,Direxion Daily Gold Miners Index Bull 2X ETF,P, ,Y,100.0
HSPT,2026-05-12,7.8001,9.25,7.6,7.6001,21981.0,52.97394,1.2560655,8.5059395,1.0,13.019327,0.005770312,15.56258,3.0699391,2026-05-12 13:30:00,3.81,1.0086107,7.845,8.28741,0.6255904,7.036229,9.53859,34361.3,0.011645987,14.596928,-1.0919571,9.897824,0.7535115,1.0,13.019326,0.30194733,0.6491542,0.97706926,8.605,-9.353861,0.22533552,2,3,1,3,2,11,91.7,True,volume>20d_avg|rvol>=1|positive_roc|macd_positive|healthy_rsi,38,Horizon Space Acquisition II Corp. - Ordinary share,Q,G,N,100.0
TDAC,2026-05-12,10.63,10.63,10.63,10.63,10710.0,59.96316,0.022431692,10.557917,1.0,10.295179,0.00016791795,55.128204,0.28301886,2026-05-12 13:30:00,0.0050001154,0.020486506,10.63,10.6055,0.032032005,10.541436,10.669564,18981.7,0.0068274336,0.2110225,0.28301477,0.0,0.0,1.0,10.295179,0.012081283,0.0,-0.08498942,10.63,0.0,0.69121414,2,2,2,3,2,11,91.7,True,volume>20d_avg|rvol>=1|positive_roc|macd_positive|above_ema50,39,Translational Development Acquisition Corp. - Ordinary Shares,Q,G,N,100.0
PABD,2026-05-12,68.0361,68.0361,68.0361,68.0361,62.0,56.33673,0.85993564,66.771255,1.0,7.37996,0.045234475,74.71429,1.9604633,2026-05-12 13:30:00,0.27999878,0.9334795,67.4434,67.87136,0.8537872,66.16379,69.57893,6034.45,0.02589352,1.2553768,1.6343117,-0.29082763,1.1321093,1.0,7.37996,0.05031792,-1.0988832,-1.5896674,68.5002,-0.67751056,0.5482385,2,2,2,3,2,11,91.7,True,volume>20d_avg|rvol>=1|positive_roc|macd_positive|above_ema50,40,iShares Paris-Aligned Climate Optimized MSCI World ex USA ETF,Q,G,Y,100.0
PMTR,2026-05-12,10.32,10.35,10.31,10.31,26819.0,56.34954,0.018563634,10.305263,1.0,7.113345,0.0021247815,78.2,0.097087376,2026-05-12 13:30:00,0.019999506,0.04367899,10.3,10.298615,0.01011009,10.278396,10.318835,21456.15,0.00045975094,0.18005463,0.0,0.097089596,0.22894825,1.0,7.113345,0.0039267032,0.097084045,0.097084045,10.31,0.096986175,0.78153,2,3,2,2,2,11,91.7,True,volume>20d_avg|rvol>=1|positive_roc|macd_positive|above_ema50,41,Perimeter Acquisition Corp. I - Class A Ordinary Shares,Q,G,N,100.0
WBIL,2026-05-12,36.24,36.4134,36.22915,36.4134,602.0,59.916225,0.30808014,35.538822,1.0,6.651736,0.027164951,65.982956,2.0921614,2026-05-12 13:30:00,0.0848999,0.3293006,36.2724,36.04132,0.49121225,35.058895,37.023746,1339.5,0.027746456,0.84347975,1.8817067,0.081927925,0.7667724,1.0,6.651736,0.054516632,-1.0865033,-1.6515803,36.5249,-0.78000724,0.68936694,2,2,2,3,2,11,91.7,True,volume>20d_avg|rvol>=1|positive_roc|macd_positive|above_ema50,42,WBI BullBear Quality 3000 ETF,P, ,Y,100.0
XJH,2026-05-12,49.38,49.62,48.77,49.2,17649.0,58.977123,0.686259,47.859722,1.0,6.620757,0.013187321,64.367294,1.437764,2026-05-12 13:30:00,0.25,0.7786883,49.25,49.009144,0.6028565,47.803432,50.214855,33304.5,0.035885703,1.3842229,1.0002851,-0.4273932,0.42019618,1.0,6.620757,0.049203526,-1.3977647,-1.6981506,49.5772,-0.39776504,0.57914704,2,2,2,3,2,11,91.7,True,volume>20d_avg|rvol>=1|positive_roc|macd_positive|above_ema50,43,iShares ESG Select Screened S&P Mid-Cap ETF,Z, ,Y,100.0
JHMD,2026-05-12,44.7,44.87,44.436,44.83,54272.0,56.28038,0.6721136,43.86557,1.0,6.552412,0.04712134,76.003365,2.2747953,2026-05-12 13:30:00,0.19999695,0.7488984,44.23,44.49003,0.5920972,43.305836,45.67422,126273.5,0.024949614,1.4949145,2.205038,-0.19977838,0.97476447,1.0,6.552412,0.05323407,-0.96916556,-1.6313392,44.96,-0.5782881,0.6435465,2,2,2,3,2,11,91.7,True,volume>20d_avg|rvol>=1|positive_roc|macd_positive|above_ema50,44,John Hancock Multifactor Developed International ETF,P, ,Y,100.0
TACN,2026-05-12,27.421,27.6299,27.42,27.6299,10071.0,56.85828,0.33969238,26.9595,1.0,5.9904265,0.04238748,74.22756,2.695198,2026-05-12 13:30:00,0.12000084,0.3897407,27.2529,27.346874,0.37873596,26.589403,28.104345,2245.75,0.027500503,1.2262865,2.6023865,-0.032839987,1.1494821,1.0,5.9904265,0.05539727,-1.030755,-1.8122525,27.7009,-1.0104351,0.68682283,2,2,2,3,2,11,91.7,True,volume>20d_avg|rvol>=1|positive_roc|macd_positive|above_ema50,45,T. Rowe Price Active Core International Equity ETF,P, ,Y,100.0
AIIA,2026-05-12,10.08,10.11,10.08,10.11,12401.0,54.59066,0.027998634,10.053833,1.0,4.8021255,0.0008944771,83.796295,0.0,2026-05-12 13:30:00,0.014999391,0.033366162,10.09,10.085295,0.028589183,10.028116,10.142473,12609.0,0.0045920173,0.2772142,0.0,-0.049472153,0.2997117,1.0,4.8021255,0.011338984,0.08522272,0.08522272,10.1,-0.19802433,0.7160334,2,3,2,2,2,11,91.7,True,volume>20d_avg|rvol>=1|positive_roc|macd_positive|above_ema50,46,AI Infrastructure Acquisition Corp. Class A Ordinary Shares,N, ,N,100.0
CRDT,2026-05-12,23.47,23.47,23.25,23.4021,35867.0,59.81112,0.18717293,23.056072,1.0,4.69624,0.02964566,84.27564,1.2524575,2026-05-12 13:30:00,0.11500168,0.1974425,23.1395,23.201185,0.15841731,22.88435,23.51802,5740.55,0.01859932,0.7969927,1.4966369,-0.23407559,1.7493694,1.0,4.69624,0.027312001,0.73087215,0.28143165,23.4849,-0.06344591,0.8170643,2,3,2,2,2,11,91.7,True,volume>20d_avg|rvol>=1|positive_roc|macd_positive|above_ema50,47,Simplify Opportunistic Income ETF,P, ,Y,100.0
MBAI,2026-05-12,1.61,1.76,1.49,1.69,604955.0,51.4495,0.13423984,1.6194382,0.0,4.6566787,0.0031378726,45.269985,8.163265,2026-05-12 13:30:00,0.23000002,0.17635995,1.43,1.57465,0.16390571,1.2468386,1.9024615,130944.4,-0.018177994,8.442757,4.6052694,11.188818,0.9072359,1.0,4.6566787,0.41636106,11.188817,9.805853,1.59,1.2578604,0.67593956,2,3,1,3,2,11,91.7,True,volume>20d_avg|rvol>=1|positive_roc|macd_positive|above_ema50,48,Check-Cap Ltd. - Ordinary Share,Q,S,N,100.0
NAAS,2026-05-12,2.48,2.48,2.39,2.39,615.0,53.17818,0.24958253,2.3593276,1.0,4.4914804,0.02839211,58.837208,12.857142,2026-05-12 13:30:00,0.65999985,0.19216135,2.2,2.24014,0.1361848,1.9677703,2.5125096,7670.3,0.004523463,10.53091,4.405284,1.7167367,0.88467234,1.0,4.4914804,0.24317198,7.7272654,6.404357,2.37,4.641356,0.77510434,2,3,2,2,2,11,91.7,True,volume>20d_avg|rvol>=1|positive_roc|macd_positive|above_ema50,49,NaaS Technology Inc. - American Depositary Shares,Q,S,N,100.0
NODK,2026-05-12,13.555,13.7,13.46,13.68,29596.0,60.486465,0.3284439,13.038851,1.0,4.475366,0.020143948,35.036194,2.4521072,2026-05-12 13:30:00,0.5976,0.3831639,12.81,12.979,0.13965748,12.699685,13.258315,13025.75,0.025397109,2.4565737,3.1635761,0.82956004,1.4615141,1.0,4.475366,0.043041065,3.6434174,2.6933944,13.37,1.383698,1.754856,2,3,2,2,2,11,91.7,True,volume>20d_avg|rvol>=1|positive_roc|macd_positive|above_ema50,50,"NI Holdings, Inc. - Common Stock",Q,S,N,100.0
MNDY,2026-05-12,76.79,77.73,71.94,71.99,2487803.0,58.519436,5.304474,75.634514,1.0,4.45115,1.2133973,67.372536,19.055727,2026-05-12 13:30:00,15.310005,4.667129,72.07,69.5015,4.641241,60.21902,78.78398,1915705.5,0.01686386,6.8969884,13.069701,-10.0573015,1.037041,1.0,4.45115,0.26711595,3.9745927,0.04975748,76.91,-0.15603009,0.6340427,2,3,1,3,2,11,91.7,True,volume>20d_avg|rvol>=1|positive_roc|macd_positive|healthy_rsi,51,monday.com Ltd. - Ordinary Shares,Q,Q,N,100.0
GLDN,2026-05-12,18.39,18.59,18.14,18.5832,6992.0,58.453564,0.5272907,16.557463,1.0,4.074307,0.02571655,73.66203,3.6694543,2026-05-12 13:30:00,0.3899994,0.7082678,16.8301,18.039724,0.8026225,16.434479,19.64497,4769.4,0.12598771,2.8282816,3.9480567,0.83017635,2.5603313,1.0,4.074307,0.17796786,4.2269945,3.0413918,18.6435,-1.3597232,0.6692813,2,3,2,2,2,11,91.7,True,volume>20d_avg|rvol>=1|positive_roc|macd_positive|above_ema50,52,Nicholas Gold Income ETF,P, ,Y,100.0
BTOP,2026-05-12,30.28,30.5682,30.28,30.5682,467.0,59.649506,0.5011766,29.71,1.0,4.0208135,0.06016227,73.138145,3.036733,2026-05-12 13:30:00,0.5699997,0.48368832,30.5068,30.32535,0.6224936,29.080362,31.570337,634.2,0.049310002,1.6076235,4.468608,1.5803151,1.3814672,1.0,4.0208135,0.0821087,0.13843775,-1.2034866,31.175,-2.8708854,0.59753084,2,2,2,3,2,11,91.7,True,volume>20d_avg|rvol>=1|positive_roc|macd_positive|above_ema50,53,Bitwise Trendwise BTC/ETH and Treasuries Rotation Strategy ETF,P, ,Y,100.0
TXO,2026-05-12,12.77,13.11,12.67,12.88,199335.0,54.068356,0.42221105,12.324977,1.0,3.9795935,0.03712234,69.00453,2.207686,2026-05-12 13:30:00,0.47999954,0.3930015,12.31,12.1935,0.30285096,11.587797,12.799202,212677.5,0.014200682,3.3776884,2.2076845,0.64412177,0.48345765,1.0,3.9795935,0.09934841,1.0509253,0.38795692,12.5,2.1600037,1.0666978,2,3,2,2,2,11,91.7,True,volume>20d_avg|rvol>=1|positive_roc|macd_positive|above_ema50,54,"TXO Partners, L.P. Common Units Representing Limited Partner Interests",N, ,N,100.0
MKLY,2026-05-12,10.12,10.13,10.12,10.13,1767.0,58.723125,0.024185197,10.067779,1.0,3.9349332,7.972794e-05,63.88889,0.5958292,2026-05-12 13:30:00,1e-09,0.021142405,10.12,10.10109,0.036678456,10.027734,10.174447,12706.95,0.0061802636,0.23874824,0.09881258,0.0,0.47299388,1.0,3.9349332,0.014524497,-0.098621845,-0.12829529,10.13,-0.09871895,0.6970489,2,2,2,3,2,11,91.7,True,volume>20d_avg|rvol>=1|positive_roc|macd_positive|above_ema50,55,McKinley Acquisition Corporation - Class A Ordinary Shares,Q,G,N,100.0
XEMD,2026-05-12,44.85,44.85,44.78,44.805,23035.0,56.20123,0.22040962,44.63702,1.0,3.8338628,0.0031709378,71.404305,0.26785713,2026-05-12 13:30:00,0.07500076,0.22121578,44.66,44.81225,0.15480451,44.50264,45.121857,224128.0,0.0063395374,0.4906715,0.35746098,-0.0222616,1.1753154,1.0,3.8338628,0.013818028,0.04453659,-0.06280905,44.92,-0.15583192,0.48829502,2,2,2,3,2,11,91.7,True,volume>20d_avg|rvol>=1|positive_roc|macd_positive|above_ema50,56,BondBloxx JP Morgan USD Emerging Markets 1-10 Year Bond ETF,Z, ,Y,100.0
SPAI,2026-05-12,4.69,4.7,4.3,4.45,163044.0,58.39666,0.3800132,4.398834,1.0,3.7553656,0.025598703,58.58884,8.505747,2026-05-12 13:30:00,0.7399998,0.46468902,4.14,4.3585,0.14305957,4.072381,4.644619,168355.66,0.07301152,8.051127,10.280359,11.320756,1.2481464,1.0,3.7553654,0.1312924,5.592847,2.5056517,4.72,-0.63558763,0.65989816,2,3,2,2,2,11,91.7,True,volume>20d_avg|rvol>=1|positive_roc|macd_positive|above_ema50,57,Safe Pro Group Inc. - Common Stock,Q,S,N,100.0
VEMY,2026-05-12,28.75,28.75,28.6,28.68,32980.0,56.935627,0.20237038,28.416698,1.0,3.713556,0.0029692014,68.23718,0.5444106,2026-05-12 13:30:00,0.1800003,0.20879364,28.595,28.64683,0.1294583,28.387913,28.905746,14995.6,0.010620575,0.704669,0.6430745,-0.17900702,0.59149706,1.0,3.713556,0.018076476,-0.386405,-0.57952046,28.7185,0.10968492,0.56405663,2,2,2,3,2,11,91.7,True,volume>20d_avg|rvol>=1|positive_roc|macd_positive|above_ema50,58,Virtus Stone Harbor Emerging Markets High Yield Bond ETF,P, ,Y,100.0
JACS,2026-05-12,10.6,10.6,10.6,10.6,50642.0,60.724567,0.021698615,10.549466,1.0,3.6970553,0.001106186,83.333336,0.47348484,2026-05-12 13:30:00,0.019999506,0.024294378,10.59,10.57629,0.024207776,10.527875,10.624705,54343.25,0.005738065,0.20451099,0.3784299,0.09433278,0.82321525,1.0,3.6970553,0.009155419,0.18885136,0.075208746,10.61,-0.09424388,0.7448638,2,3,2,2,2,11,91.7,True,volume>20d_avg|rvol>=1|positive_roc|macd_positive|above_ema50,59,Jackson Acquisition Company II Class A Ordinary Shares,N, ,N,100.0
NFLT,2026-05-12,23.05,23.05,22.9655,23.0,108739.0,55.927868,0.10907642,22.995329,1.0,3.5923033,0.0071215024,66.73947,0.34797737,2026-05-12 13:30:00,0.07999992,0.117708735,22.93,23.02325,0.0709945,22.881262,23.16524,68495.05,0.0032472156,0.47280633,0.30434132,-0.1298731,1.1893712,1.0,3.5923035,0.012334379,0.06506443,-0.02632936,23.07,-0.08669466,0.41812527,2,2,2,3,2,11,91.7,True,volume>20d_avg|rvol>=1|positive_roc|macd_positive|above_ema50,60,Virtus Newfleet Multi-Sector Bond ETF,P, ,Y,100.0
MFICL,2026-05-12,25.38,25.45,25.37,25.3999,16324.0,49.589363,0.09431691,25.322805,1.0,3.506392,0.0022702124,68.57143,0.19762845,2026-05-12 13:30:00,0.1800003,0.0877647,25.35,25.366554,0.09349431,25.179565,25.553543,5565.55,0.0010739323,0.3720588,-0.14298558,-0.3929288,0.0,1.0,3.5063922,0.0147429425,-0.43204427,-0.38910565,25.35,0.11833838,0.5891662,2,2,2,3,2,11,91.7,True,volume>20d_avg|rvol>=1|positive_roc|macd_positive|above_ema50,61,MidCap Financial Investment Corporation - 8.00% Notes due 2028,Q,Q,N,100.0
LOCT,2026-05-12,23.91,23.915,23.9,23.9,2516.0,60.629505,0.034649428,23.832521,1.0,3.4908352,-0.0047005955,70.833336,0.08368201,2026-05-12 13:30:00,0.01000023,0.056258924,23.88,23.901276,0.024024779,23.853226,23.949326,4730.1,0.0036705574,0.14485547,-0.06266832,0.041824464,0.71101457,1.0,3.4908352,0.0040206998,0.08368492,0.10250424,23.92,-0.041806977,0.48672196,2,2,2,3,2,11,91.7,True,volume>20d_avg|rvol>=1|positive_roc|above_ema50|healthy_rsi,62,Innovator Premium Income 15 Buffer ETF - October,Z, ,Y,100.0
CCNEP,2026-05-12,25.02,25.18,25.02,25.18,1173.0,52.01059,0.1306242,25.00625,1.0,3.433232,0.002949379,37.704918,0.17235243,2026-05-12 13:30:00,0.059999466,0.1858179,24.97,25.007925,0.0864475,24.83503,25.18082,1808.5,0.0017495168,0.5214539,-0.5162895,0.24009392,0.4305286,1.0,3.433232,0.013827251,0.3203869,0.47542876,25.05,-0.11975562,0.99762815,2,3,2,2,2,11,91.7,True,volume>20d_avg|rvol>=1|positive_roc|macd_positive|above_ema50,63,"CNB Financial Corporation - Depositary shares, each representing a 1/40th ownership interest in a share of 7.125% Series A Fixed- Rate Non-Cumulative Perpetual Preferred Stock",Q,Q,N,100.0
FRPH,2026-05-12,22.02,22.98,21.68,22.44,147428.0,57.316967,0.60410404,22.003143,1.0,3.3222291,0.0774589,53.316113,3.598131,2026-05-12 13:30:00,1.4699993,0.61077416,21.1,21.4945,0.45123756,20.592024,22.396975,56660.75,0.007583315,2.7248716,3.3566356,5.370718,1.7518746,1.0,3.3222291,0.08397268,5.0710917,4.063093,22.17,-0.67658824,1.0238378,2,3,2,2,2,11,91.7,True,volume>20d_avg|rvol>=1|positive_roc|macd_positive|above_ema50,64,"FRP Holdings, Inc. - Common Stock",Q,Q,N,100.0
URAN,2026-05-12,46.48,46.48,45.3,46.4007,14478.0,56.10297,1.6081884,46.243645,1.0,3.2737234,0.0033058596,46.291058,0.28491813,2026-05-12 13:30:00,1.3988991,1.6679155,45.97,47.036556,0.85836893,45.319817,48.753296,8798.85,0.038953535,3.3472545,0.71439743,2.2234004,1.244066,1.0,3.2737234,0.072995976,-0.010406971,-0.22494073,48.045,-3.2573602,0.3148069,2,2,2,3,2,11,91.7,True,volume>20d_avg|rvol>=1|positive_roc|macd_positive|above_ema50,65,Themes Uranium & Nuclear ETF,Z, ,Y,100.0
MRNA,2026-05-12,52.24,54.62,51.25,53.27,11248180.0,56.4698,3.700846,49.57609,1.0,3.257234,0.39061895,57.574955,0.056764428,2026-05-12 13:30:00,8.089901,3.2704902,46.71,50.747,3.5894978,43.568005,57.926,7798694.0,0.0666432,6.998574,8.583164,-8.953169,1.886568,1.0,3.257234,0.28293285,8.382869,5.8053417,52.88,-1.2102863,0.6757209,2,3,2,2,2,11,91.7,True,volume>20d_avg|rvol>=1|positive_roc|macd_positive|above_ema50,66,"Moderna, Inc. - Common Stock",Q,Q,N,100.0
IEAGU,2026-05-12,10.21,10.21,10.21,10.21,144.0,57.473133,0.029266225,10.193072,1.0,3.1732123,0.0027737156,27.478632,0.2937103,2026-05-12 13:30:00,0.10000038,0.025197798,10.19,10.1855,0.02415645,10.137187,10.233813,2168.15,0.0016607082,0.28664273,-0.09686947,-0.8737879,0.79373825,1.0,3.1732123,0.009486651,0.09803772,0.12712765,10.21,0.0,0.7535531,2,3,2,2,2,11,91.7,True,volume>20d_avg|rvol>=1|positive_roc|macd_positive|above_ema50,67,Infinite Eagle Acquisition Corp. - Unit,Q,G,N,100.0
MLPR,2026-05-12,72.17,73.3984,72.17,73.3984,1125.0,57.25486,1.4629203,69.49677,1.0,3.0914514,0.25249436,74.17573,5.094011,2026-05-12 13:30:00,1.6709976,1.2229973,70.5028,69.57131,2.4215012,64.72831,74.414314,503.0,0.038479842,2.0270197,5.4582715,2.2252111,1.3640239,1.0,3.0914514,0.13922411,2.3661494,0.72702885,72.171,-0.001384837,0.8951152,2,3,2,2,2,11,91.7,True,volume>20d_avg|rvol>=1|positive_roc|macd_positive|above_ema50,68,ETRACS Quarterly Pay 1.5X Leveraged Alerian MLP Index ETN,P, ,Y,100.0
HIGH,2026-05-12,21.52,21.61,21.52,21.58,16761.0,60.442097,0.119046934,21.578465,1.0,3.049935,0.020261928,83.44681,0.57371414,2026-05-12 13:30:00,0.15999985,0.121957846,21.5,21.512516,0.075391494,21.361732,21.6633,22870.65,0.0033105195,0.5498729,1.0218859,0.7440701,1.2291168,1.0,3.049935,0.014018215,0.37275553,0.06588289,21.6499,-0.60000265,0.7237774,2,3,2,2,2,11,91.7,True,volume>20d_avg|rvol>=1|positive_roc|macd_positive|above_ema50,69,Simplify Enhanced Income ETF,P, ,Y,100.0
EWL,2026-05-12,61.23,61.55,61.06,61.48,193112.0,52.98463,1.0120056,60.774548,1.0,3.0072043,0.02182228,61.012386,0.58862,2026-05-12 13:30:00,0.41999817,1.0170671,61.1,61.3415,0.6819959,59.97751,62.70549,540214.06,0.012265873,1.6450025,0.753355,-0.12986691,0.41295406,1.0,3.0072043,0.04447204,-1.5680015,-1.7942343,61.52,-0.47139287,0.5507702,2,2,2,3,2,11,91.7,True,volume>20d_avg|rvol>=1|positive_roc|macd_positive|above_ema50,70,iShares MSCI Switzerland ETF,P, ,Y,100.0
CPSM,2026-05-12,29.145,29.18,29.12,29.17,11865.0,68.50226,0.0996299,28.960857,1.0,3.0026095,0.0034109894,23.33994,0.53429854,2026-05-12 13:30:00,0.098098755,0.07125604,29.1105,29.068014,0.04606293,28.97589,29.16014,11630.55,0.0070489463,0.34160775,0.46503544,-0.15405057,0.76485556,1.0,3.0026095,0.006338578,0.1717329,0.032082617,29.165,-0.06857692,1.0535197,2,3,2,2,2,11,91.7,True,volume>20d_avg|rvol>=1|positive_roc|macd_positive|above_ema50,71,Calamos S&P 500 Structured Alt Protection ETF  May,P, ,Y,100.0
LSBK,2026-05-12,15.86,15.94,15.85,15.94,5832.0,55.049473,0.1662836,15.598439,1.0,2.896481,-0.027368493,22.34864,0.0,2026-05-12 13:30:00,0.13000011,0.19531253,15.8425,15.86536,0.099533565,15.666293,16.064428,5952.05,0.01612733,1.0491078,-0.6269574,-0.6269556,0.038403314,1.0,2.896481,0.025094619,-0.06304979,0.12522571,15.85,0.063086905,0.6874711,2,2,2,3,2,11,91.7,True,volume>20d_avg|rvol>=1|positive_roc|above_ema50|healthy_rsi,72,"Lake Shore Bancorp, Inc. - Common Stock",Q,G,N,100.0
IVA,2026-05-12,5.8,5.85,5.695,5.75,89186.0,59.54254,0.30484653,5.5454793,1.0,2.8651214,0.077491,66.08577,11.324376,2026-05-12 13:30:00,0.44000006,0.3304415,5.35,5.347,0.25439507,4.83821,5.85579,384298.2,0.045897007,5.2559743,13.060427,3.2028527,1.3618152,1.0,2.8651216,0.19030859,7.407415,3.4853647,5.8,0.0,0.8960375,2,3,2,2,2,11,91.7,True,volume>20d_avg|rvol>=1|positive_roc|macd_positive|above_ema50,73,Inventiva S.A. - American Depository Shares,Q,G,N,100.0
TAX,2026-05-12,29.9352,29.9352,29.9352,29.9352,16.0,61.303288,0.28402025,28.911873,1.0,2.8551455,0.017712718,77.11229,1.5726423,2026-05-12 13:30:00,0.058799744,0.3070151,29.9486,29.64674,0.42350942,28.79972,30.49376,357.6,0.040790405,0.94386476,2.060461,-0.19502403,0.46446937,1.0,2.8551455,0.057140797,-1.2710571,-1.8898141,30.0912,-0.51842445,0.6702794,2,2,2,3,2,11,91.7,True,volume>20d_avg|rvol>=1|positive_roc|macd_positive|above_ema50,74,Cambria Tax Aware ETF,Q,G,Y,100.0
GECC,2026-05-12,5.86,5.9,5.7187,5.72,46171.0,59.548717,0.22868183,5.627331,1.0,2.7703505,0.050912473,70.217445,4.6846848,2026-05-12 13:30:00,0.28999996,0.24923462,5.66,5.5299997,0.19023536,5.149529,5.9104705,66847.5,0.032461066,3.936004,5.253625,-2.9564064,0.60184294,1.0,2.7703505,0.13760245,2.4691343,0.8914691,5.81,0.86058855,0.7496908,2,3,2,2,2,11,91.7,True,volume>20d_avg|rvol>=1|positive_roc|macd_positive|above_ema50,75,Great Elm Capital Corp. - Closed End Fund,Q,G,N,100.0
VRP,2026-05-12,24.36,24.43,24.335,24.38,2982229.0,59.73379,0.08502298,24.30482,1.0,2.768998,0.0051827235,82.06434,0.28771064,2026-05-12 13:30:00,0.10499954,0.094362,24.3,24.337,0.038946647,24.259106,24.414894,1198793.2,0.003916117,0.34845483,0.205338,0.12309717,1.0597527,1.0,2.768998,0.0064012995,0.12309551,0.061432447,24.4,-0.16393036,0.7760107,2,3,2,2,2,11,91.7,True,volume>20d_avg|rvol>=1|positive_roc|macd_positive|above_ema50,76,Invesco Variable Rate Preferred ETF,P, ,Y,100.0
DWSH,2026-05-12,6.57,6.6199,6.5601,6.595,9082.0,59.844807,0.103420466,6.413481,1.0,2.7167182,0.01916432,82.34441,2.7754323,2026-05-12 13:30:00,0.14000034,0.11371034,6.3728,6.357525,0.11297862,6.1315675,6.5834823,26950.9,0.024856795,1.5734375,2.781856,1.9054266,1.759734,1.0,2.7167182,0.07108345,1.984477,1.1490848,6.5729,-0.044115182,1.0254861,2,3,2,2,2,11,91.7,True,volume>20d_avg|rvol>=1|positive_roc|macd_positive|above_ema50,77,AdvisorShares Dorsey Wright Short ETF,Q,G,Y,100.0
FFLS,2026-05-12,22.71,22.82,22.6,22.75,17893.0,56.522423,0.17496628,22.612875,1.0,2.7043445,0.007027187,75.083336,1.0583907,2026-05-12 13:30:00,0.08969879,0.17172955,22.393,22.693094,0.1590434,22.375008,23.01118,5432.0,0.009601828,0.7663875,0.39577484,0.0,2.5447006,1.0,2.7043445,0.028033782,-0.15394688,-0.27279818,22.83,-0.52562785,0.58945006,2,2,2,3,2,11,91.7,True,volume>20d_avg|rvol>=1|positive_roc|macd_positive|above_ema50,78,The Future Fund Long/Short ETF,P, ,Y,100.0
NMS,2026-05-12,12.47,12.47,12.3,12.44,21346.0,69.525795,0.15970266,12.135626,1.0,2.6988637,0.028795997,81.4401,3.2720768,2026-05-12 13:30:00,0.42000008,0.117268786,12.21,12.18569,0.115258515,11.955173,12.416207,13164.8,0.027553126,1.280695,2.3809552,3.4854777,2.2171307,1.0,2.6988637,0.03783411,1.0534883,0.33848667,12.47,0.0,1.0516062,2,3,2,2,2,11,91.7,True,volume>20d_avg|rvol>=1|positive_roc|macd_positive|above_ema50,79,Nuveen Minnesota Quality Municipal Income Fund ,N, ,N,100.0
MBI,2026-05-12,6.12,6.465,6.05,6.18,997079.0,52.593494,0.27891982,6.057752,1.0,2.6594074,0.013286239,56.834232,1.1608623,2026-05-12 13:30:00,0.6199999,0.23677513,5.71,5.986,0.17560117,5.6347976,6.3372025,328701.8,0.0069741667,4.572456,-0.48940182,6.6433587,1.6471319,1.0,2.6594074,0.11734129,0.0,0.14696752,6.1,0.32786855,0.7761936,2,3,2,2,2,11,91.7,True,volume>20d_avg|rvol>=1|positive_roc|macd_positive|above_ema50,80,MBIA Inc. Common Stock,N, ,N,100.0
CLOA,2026-05-12,51.87,51.9,51.87,51.9,221671.0,55.918053,0.063558675,51.822857,1.0,2.648123,-0.0038808868,41.02439,0.009638554,2026-05-12 13:30:00,0.040000916,0.07694919,51.825,51.8584,0.052561242,51.753277,51.96352,441262.34,0.0011026827,0.12251093,-0.06875992,-0.038536526,0.7147614,1.0,2.648123,0.004054179,0.086820126,0.107468754,51.88,-0.019279368,0.69788074,2,2,2,3,2,11,91.7,True,volume>20d_avg|rvol>=1|positive_roc|above_ema50|healthy_rsi,81,iShares AAA CLO Active ETF,Q,G,Y,100.0
RSF,2026-05-12,14.72,14.72,14.6101,14.63,6226.0,52.422688,0.1361314,14.577506,1.0,2.5717578,0.0045262887,56.81818,0.06839945,2026-05-12 13:30:00,0.14979935,0.16676463,14.6,14.590745,0.049925122,14.490894,14.690596,11237.45,0.003601031,0.9304949,0.75757504,-0.34060076,0.17989266,1.0,2.5717578,0.013686848,-0.34059882,-0.56809884,14.63,0.61517537,0.69656926,2,2,2,3,2,11,91.7,True,volume>20d_avg|rvol>=1|positive_roc|macd_positive|above_ema50,82,RiverNorth Capital and Income Fund Common Stock,N, ,N,100.0
AGRH,2026-05-12,26.206,26.206,26.206,26.206,12.0,56.454716,0.031736355,26.170797,1.0,2.5137818,0.0014775973,86.06255,0.1715043,2026-05-12 13:30:00,1e-09,0.037801612,26.165,26.195826,0.02441134,26.147003,26.244648,408.15,0.0020711266,0.121015646,0.095415115,0.0,1.5872197,1.0,2.5137818,0.003727495,0.038146973,0.009493785,26.225,-0.0724538,0.6041919,2,3,2,3,1,11,91.7,True,volume>20d_avg|rvol>=1|positive_roc|macd_positive|above_ema50,83,iShares Interest Rate Hedged U.S. Aggregate Bond ETF,P, ,Y,100.0
FTBI,2026-05-12,21.6,21.62,21.52,21.6079,6119.0,57.953354,0.24129222,21.434122,1.0,2.5102687,0.009915306,12.948603,0.578512,2026-05-12 13:30:00,0.09989929,0.18588603,21.6,21.577366,0.1011263,21.375113,21.77962,3189.3,0.011471345,1.1129714,0.6032586,-0.36718383,0.43037084,1.0,2.5102687,0.018746806,-0.3676474,-0.5488062,21.68,-0.36900333,0.57548636,2,2,2,3,2,11,91.7,True,volume>20d_avg|rvol>=1|positive_roc|macd_positive|above_ema50,84,First Trust Balanced Income ETF,P, ,Y,100.0
TSQ,2026-05-12,7.26,7.34,6.5837,6.62,61824.0,65.43129,0.36646444,6.400175,1.0,2.471229,0.02071159,53.12468,5.873715,2026-05-12 13:30:00,0.8399997,0.43522647,6.37,6.6745,0.27505928,6.1243815,7.2246184,93036.7,0.12653169,5.0827246,9.077156,8.748114,1.93003,1.0,2.471229,0.16484185,10.752689,8.026816,7.21,0.69348395,0.4504651,2,3,2,2,2,11,91.7,True,volume>20d_avg|rvol>=1|positive_roc|macd_positive|above_ema50,85,"Townsquare Media, Inc. Class A Common Stock",N, ,N,100.0
YMAR,2026-05-12,28.245,28.29,28.14,28.2805,53142.0,57.416904,0.20310128,27.864992,1.0,2.4323153,0.0040467535,79.153305,0.9629101,2026-05-12 13:30:00,0.07999992,0.21458556,28.17,28.181795,0.15217105,27.877453,28.486137,21241.9,0.015970122,0.71741885,0.85428953,-0.17630869,0.6524176,1.0,2.4323153,0.021598501,-0.5434871,-0.80003047,28.31,-0.229596,0.66216165,2,2,2,3,2,11,91.7,True,volume>20d_avg|rvol>=1|positive_roc|macd_positive|above_ema50,86,FT Vest International Equity Moderate Buffer ETF - March,Z, ,Y,100.0
SONY,2026-05-12,21.88,22.29,21.82,22.16,12735389.0,57.12451,0.6096505,21.064754,1.0,2.367043,0.08407281,43.799465,3.9043436,2026-05-12 13:30:00,0.4449997,0.5469319,19.89,20.538,0.6439975,19.250006,21.825994,6858472.5,0.010693048,2.863553,5.7100415,-1.0227768,2.5597363,1.0,2.367043,0.12542549,2.7014017,0.9866744,21.29,2.7712457,1.1296611,2,3,2,2,2,11,91.7,True,volume>20d_avg|rvol>=1|positive_roc|macd_positive|above_ema50,87,Sony Group Corporation American Depositary Shares ,N, ,N,100.0
AEI,2026-05-12,1.855,1.95,1.7851,1.8928,16367.0,60.702835,0.14150378,1.8421618,1.0,2.3590012,0.04005659,74.11064,11.242603,2026-05-12 13:30:00,0.2039001,0.18868224,1.61,1.66075,0.12818855,1.4043729,1.9171271,11532.0,0.020540118,7.5267973,26.174498,1.6216199,1.4309771,1.0,2.3590012,0.30874857,16.770184,8.909974,1.88,-1.329786,0.9525559,2,3,2,2,2,11,91.7,True,volume>20d_avg|rvol>=1|positive_roc|macd_positive|above_ema50,88,Alset Inc. - Common Stock,Q,S,N,100.0
SATG,2026-05-12,18.84,19.43,17.35,19.3754,229383.0,55.30624,1.6455863,17.71061,1.0,2.3367298,0.03172032,49.368164,11.069045,2026-05-12 13:30:00,1.5799999,1.7444233,16.1294,18.474285,1.6861053,15.102075,21.846497,157475.2,0.08995688,8.524675,10.6717,1.5989505,1.819742,1.0,2.3367298,0.3650708,4.9849987,1.7802842,19.3038,-2.402638,0.63360894,2,3,2,2,2,11,91.7,True,volume>20d_avg|rvol>=1|positive_roc|macd_positive|above_ema50,89,Leverage Shares 2X Long SATS Daily ETF,Q,G,Y,100.0
ICOI,2026-05-12,12.63,12.77,12.305,12.58,31066.0,60.57431,0.4430111,12.405385,1.0,2.3101,0.120931715,80.81587,5.850379,2026-05-12 13:30:00,0.73989964,0.4978824,11.61,11.806135,0.32770526,11.150724,12.461546,43609.8,0.014075735,3.521551,7.982838,3.5390973,1.9482518,1.0,2.3101,0.11102884,6.160331,3.763082,12.58,0.39745778,1.0903662,2,3,2,2,2,11,91.7,True,volume>20d_avg|rvol>=1|positive_roc|macd_positive|above_ema50,90,Bitwise COIN Option Income Strategy ETF,P, ,Y,100.0
METCI,2026-05-12,25.29,25.3,25.25,25.275,8336.0,57.8591,0.13788874,25.155931,1.0,2.283284,0.011847253,56.662994,0.7377471,2026-05-12 13:30:00,0.09000015,0.10668924,25.1,25.119986,0.113472484,24.89304,25.346931,6230.5,0.0047332034,0.5455539,0.53778887,0.09900839,1.6402708,1.0,2.283284,0.018068949,0.37728548,0.21578732,25.275,0.059352316,0.84152204,2,3,2,2,2,11,91.7,True,volume>20d_avg|rvol>=1|positive_roc|macd_positive|above_ema50,91,"Ramaco Resources, Inc. - 8.250% Senior Notes due 2030",Q,G,N,100.0
EUHY,2026-05-12,53.23,53.39,53.23,53.37,60260.0,58.043613,0.19282602,53.16259,1.0,2.2810335,0.007554771,81.14433,0.42309138,2026-05-12 13:30:00,0.11999893,0.22232622,53.125,53.260925,0.13447784,52.99197,53.52988,33444.05,0.004559762,0.3610636,0.06557703,0.028094007,1.2594051,1.0,2.2810335,0.010099533,0.1406312,0.1209384,53.405,-0.32768327,0.70277286,2,3,2,2,2,11,91.7,True,volume>20d_avg|rvol>=1|positive_roc|macd_positive|above_ema50,92,iShares Euro High Yield Corporate Bond USD Hedged ETF,Z, ,Y,100.0
FCEF,2026-05-12,23.79,23.79,23.63,23.68,14914.0,66.037735,0.18072398,23.339035,1.0,2.261637,0.022842541,80.12444,2.2611723,2026-05-12 13:30:00,0.14490128,0.21200466,23.7689,23.582846,0.20645875,23.169928,23.995764,16578.7,0.02467389,0.7556962,1.7871857,-0.06310271,0.68866366,1.0,2.261637,0.03501851,0.06484985,-0.47184253,23.9149,-0.522264,0.61764395,2,2,2,3,2,11,91.7,True,volume>20d_avg|rvol>=1|positive_roc|macd_positive|above_ema50,93,First Trust Income Opportunities ETF,Q,G,Y,100.0
COIG,2026-05-12,9.66,10.119,8.49,9.1437,192000.0,60.709442,1.0149679,8.813355,1.0,2.2391374,0.11852911,64.186195,16.471962,2026-05-12 13:30:00,1.9849997,1.0228909,7.9883,8.56025,0.7321775,7.0958953,10.024605,113782.65,0.13123773,10.18022,18.058025,15.527232,1.9373527,1.0,2.2391376,0.34212896,18.268085,12.845255,9.97,-3.109332,0.6992173,2,3,2,2,2,11,91.7,True,volume>20d_avg|rvol>=1|positive_roc|macd_positive|above_ema50,94,Leverage Shares 2X Long COIN Daily ETF,Q,G,Y,100.0
SONO,2026-05-12,15.18,15.32,14.54,14.71,1479461.0,61.225605,0.6716949,14.484084,1.0,2.2120948,0.051888052,83.66184,5.54785,2026-05-12 13:30:00,0.40999985,0.6458913,14.01,14.587,0.40609962,13.7748,15.3991995,1602407.5,0.05080861,4.413238,3.9617538,-0.5228753,1.8733803,1.0,2.2120945,0.11135937,3.1165361,1.9268203,15.22,-0.26281184,0.57572037,2,3,2,2,2,11,91.7,True,volume>20d_avg|rvol>=1|positive_roc|macd_positive|above_ema50,95,"Sonos, Inc. - Common Stock",Q,Q,N,100.0
PERF,2026-05-12,1.7,1.7117,1.69,1.69,61839.0,54.14095,0.055978224,1.6469117,1.0,2.1875014,-0.004193766,37.373737,3.6585367,2026-05-12 13:30:00,0.029999973,0.081455186,1.66,1.6915,0.030135682,1.6312286,1.7517713,77302.35,0.032235064,3.2928367,2.409649,-0.58479476,0.49106857,1.0,2.1875014,0.07126383,2.409649,1.6860306,1.7,0.0,0.48755717,2,2,2,3,2,11,91.7,True,volume>20d_avg|rvol>=1|positive_roc|above_ema50|healthy_rsi,96,Perfect Corp. Class A Ordinary Share,N, ,N,100.0
JIRE,2026-05-12,79.87,80.19,79.495,80.08,297708.0,55.986813,1.2081708,78.718254,1.0,2.1401954,0.087303266,73.23358,2.4006097,2026-05-12 13:30:00,0.32500458,1.3606341,79.29,79.7725,1.0431474,77.6862,81.858795,387764.16,0.024158929,1.4985993,2.0506382,-0.024797425,0.9774868,1.0,2.1401951,0.05230615,-1.0918915,-1.7076988,80.62,-0.9302902,0.57369584,2,2,2,3,2,11,91.7,True,volume>20d_avg|rvol>=1|positive_roc|macd_positive|above_ema50,97,JPMorgan International Research Enhanced Equity ETF,P, ,Y,100.0
PFXF,2026-05-12,18.85,18.85,18.64,18.835,3802047.0,69.442825,0.18165861,18.246681,1.0,2.13496,0.029113973,84.18066,1.2875537,2026-05-12 13:30:00,0.15000153,0.17989233,18.55,18.502,0.18237026,18.13726,18.866741,1202991.2,0.034708664,0.9621749,1.8888235,0.42553154,1.8344302,1.0,2.13496,0.039427128,0.800848,0.23363376,18.88,-0.15889186,0.9564867,2,3,2,2,2,11,91.7,True,volume>20d_avg|rvol>=1|positive_roc|macd_positive|above_ema50,98,VanEck Preferred Securities ex Financials ETF,P, ,Y,100.0
MKTW,2026-05-12,18.64,18.85,17.91,18.06,25725.0,56.101677,1.2728176,16.891817,1.0,2.1235156,0.15749066,51.59025,9.389671,2026-05-12 13:30:00,2.5699997,0.9493905,16.63,17.304,0.9494051,15.40519,19.20281,33408.75,0.10349285,6.8284206,8.37208,-8.447943,2.1171482,1.0,2.1235156,0.21946484,11.184013,8.669875,18.64,0.0,0.6990718,2,3,2,2,2,11,91.7,True,volume>20d_avg|rvol>=1|positive_roc|macd_positive|above_ema50,99,"MarketWise, Inc. - Class A Common Stock",Q,G,N,100.0
INEQ,2026-05-12,40.29,40.37,40.17,40.3241,7449.0,56.89761,0.50142854,39.667286,1.0,2.123174,0.06663206,74.037636,2.8506048,2026-05-12 13:30:00,0.1800003,0.5502995,39.8229,39.98005,0.54161984,38.89681,41.06329,14272.5,0.020904183,1.2382022,2.9319048,-0.25247154,1.2240593,1.0,2.123174,0.054189052,-0.48704147,-1.3674934,40.4965,-0.5099137,0.65880656,2,2,2,3,2,11,91.7,True,volume>20d_avg|rvol>=1|positive_roc|macd_positive|above_ema50,100,Columbia International Equity Income ETF,P, ,Y,100.0
